,listing_url,last_scraped,source,name,description,neighborhood_overview,picture_url,host_url,host_name,host_since,host_location,host_about,host_response_time,host_response_rate,host_acceptance_rate,host_is_superhost,host_thumbnail_url,host_picture_url,host_neighbourhood,host_verifications,host_has_profile_pic,host_identity_verified,neighbourhood,neighbourhood_cleansed,property_type,room_type,bathrooms_text,amenities,price,has_availability,calendar_last_scraped,first_review,last_review,license,instant_bookable,id,scrape_id,host_id,host_listings_count,host_total_listings_count,latitude,longitude,accommodates,bedrooms,beds,minimum_nights,maximum_nights,minimum_minimum_nights,maximum_minimum_nights,minimum_maximum_nights,maximum_maximum_nights,minimum_nights_avg_ntm,maximum_nights_avg_ntm,availability_30,availability_60,availability_90,availability_365,number_of_reviews,number_of_reviews_ltm,number_of_reviews_l30d,review_scores_rating,review_scores_accuracy,review_scores_cleanliness,review_scores_checkin,review_scores_communication,review_scores_location,review_scores_value,calculated_host_listings_count,calculated_host_listings_count_entire_homes,calculated_host_listings_count_private_rooms,calculated_host_listings_count_shared_rooms,reviews_per_month
9,https://www.airbnb.com/rooms/144242,06/03/2023,city scrape,Lake Street Single Family Home,"Our full-time home (available when we are away), is your perfect place to call ""home base"" as you explore the city or visit friends.<br /><br /><b>The space</b><br />Great open floor plan home on a quiet tree lined street in one of San Francisco's most coveted neighborhoods.  Walking distance to the Presidio, Mountain Lake Park, Laurel Village, Sacramento St shopping and Golden Gate Park.  Easy walk to many cafes and restaurants.  <br /><br />The first level features a sunny gourmet kitchen with top-of-the-line appliances, open kitchen/dining area/family area, a lovely foyer, living room with flat panel TV/DirectTV, and a full bathroom with a large whirlpool soaking tub. There is also a small laundry room on this level. There is a deck off kitchen with a Weber grill and the small backyard features a  grassy area and patio seating.  The second floor has 3 BR's - 1st BR with a Queen Bed, 2nd BR has a full bed and 3rd BR has a twin bed + a twin trundle.  A pack-n-play is also available.  ",sin registro,https://a0.muscache.com/pictures/c175c400-edad-4e57-b669-ea74477df18f.jpg,https://www.airbnb.com/users/show/699215,Kate,14/06/2011,"San Francisco, CA","From San Francisco, California.  An active Airbnb Host.",within a few hours,90%,84%,t,https://a0.muscache.com/im/users/699215/profile_pic/1308032241/original.jpg?aki_policy=profile_small,https://a0.muscache.com/im/users/699215/profile_pic/1308032241/original.jpg?aki_policy=profile_x_medium,Richmond District,"['email', 'phone']",t,t,sin registro,Inner Richmond,Entire home,Entire home/apt,2.0,"[""Self check-in"", ""Cooking basics"", ""Shampoo"", ""Free parking on premises"", ""Pets allowed"", ""Smoke alarm"", ""Kitchen"", ""Carbon monoxide alarm"", ""TV with standard cable"", ""Washer"", ""Hot water"", ""Backyard"", ""Wifi"", ""Heating"", ""BBQ grill"", ""Iron"", ""Essentials"", ""Pack \u2019n play/Travel crib"", ""Coffee maker: Nespresso"", ""Hair dryer"", ""Fire extinguisher"", ""Dryer"", ""Lockbox""]",$545.00,t,06/03/2023,05/07/2011,02/01/2022,2022-011317STR,f,144242,20200000000000.0,699215.0,2.0,2.0,37.78546,-122.46148,6.0,3.0,3.0,3.0,60.0,3.0,3.0,60.0,60.0,3.0,60.0,6.0,6.0,6.0,64.0,22.0,0.0,0.0,4.86,4.95,4.89,5.0,5.0,4.89,4.95,1.0,1.0,0.0,0.0,0.15
24,https://www.airbnb.com/rooms/149108,06/03/2023,city scrape,Luxury UCSF Cole Valley Condo w/Tesla Charger,"Our home is an absolute jewel box. It is secure, comfortable and decorative. You will never want to leave. It has a working fireplace, chefs kitchen, dedicated parking with Tesla charger (free of charge during off hours) and many more amenities. The neighborhood is quiet, safe and friendly. Our home is not a party house. In respect to our neighbors. Quiet time within reason is appreciated. Ideal for one professional person and or couple, traveling nurses, traveling physician. One month minimum.<br /><br /><b>The space</b><br />Details make this condo stand out from the rest. Stylish interior design, art filled and newly renovated. The condo is on the top floor of a two unit building and has urban city views, located in the desirable & safe Cole Valley Ashbury Heights district near UCSF. Private one car parking with Tesla charger. High end amenities with high thread count linens and towels. Two month minimum preferred but not required.<br /><br />Bedroom and bathroom<br />One large bedr","Cole Valley is a small, family-friendly community in the geographical center of the city. Tree-shaded streets are lined with well-kept Victorian homes, and a variety of mom-and-pop shops and relaxed restaurants, including a 1930s-inspired soda fountain. The neighborhood offers hiking at the compact Tank Hill Park, with its panoramic views, or through the dense eucalyptus forest of the Mount Sutro Open Space Reserve.",https://a0.muscache.com/pictures/25525215/7e4bca41_original.jpg,https://www.airbnb.com/users/show/719538,Margaret,19/06/2011,"Palm Springs, CA","I am an Irish native living in the Desert. My 'Joie de Vivre' is all about entertainment, adventure, travel, the arts in all forms, food and wine (in no particular order) and my home reflects all of this. My wife Jill is an interior designer drawn to atypical, bold, eclectic design yet her works reflect a timeless beauty. Our home is a collaboration of both of our tastes. You will find a kitchen that is compact, efficient & chef clad surrounded by a dining room, living room, two bedrooms and a bathroom that have all been lovingly curated by us both. 
During Covid we both 'worked from home' and were grateful to have this very spacious home in Palm Springs. We managed to integrate it into a magical 'work from home' space offering two dedicated work spaces... one in the master bedroom on a 1960's Paul Puccio pink Onyx desk or additional large L-Shaped work space and the second more formal work desk in another bedroom whereby we custom built a 7' marble desk. The 'work from home' experience is nothing short of perfect with upgraded wifi and Eero ProMesh wifi throughout.",within an hour,100%,100%,f,https://a0.muscache.com/im/pictures/user/afccfc00-a185-4d56-b201-32a124ee6f9e.jpg?aki_policy=profile_small,https://a0.muscache.com/im/pictures/user/afccfc00-a185-4d56-b201-32a124ee6f9e.jpg?aki_policy=profile_x_medium,Cole Valley,"['email', 'phone']",t,t,"San Francisco, California, United States",Haight Ashbury,Entire condo,Entire home/apt,1.0,"[""Oven"", ""Security cameras on property"", ""Cooking basics"", ""Blender"", ""Shampoo"", ""Stainless steel gas stove"", ""Host greets you"", ""Dining table"", ""Free washer \u2013 In building"", ""Smoke alarm"", ""Baking sheet"", ""Coffee"", ""Kitchen"", ""Bed linens"", ""Dishes and silverware"", ""Extra pillows and blankets"", ""Hangers"", ""Bathtub"", ""Fireplace guards"", ""Body soap"", ""Dedicated workspace"", ""TV with standard cable"", ""Microwave"", ""Hot water"", ""Refrigerator"", ""Laundromat nearby"", ""Wifi"", ""EV charger - level 2, tesla only"", ""Central heating"", ""Shared backyard \u2013 Fully fenced"", ""Freezer"", ""Dishwasher"", ""Iron"", ""Hot water kettle"", ""Valley view"", ""Indoor fireplace: wood-burning"", ""Books and reading material"", ""Clothing storage: wardrobe and dresser"", ""Essentials"", ""Free street parking"", ""Coffee maker"", ""Wine glasses"", ""Free parking garage on premises \u2013 1 space"", ""Free dryer \u2013 In building"", ""Conditioner"", ""Hair dryer"", ""Private entrance"", ""Fire extinguisher""]",$180.00,t,06/03/2023,01/08/2014,14/02/2023,sin registro,f,149108,20200000000000.0,719538.0,2.0,2.0,37.76216,-122.45022,2.0,1.0,1.0,30.0,90.0,30.0,30.0,90.0,90.0,30.0,90.0,2.0,2.0,21.0,79.0,3.0,1.0,1.0,5.0,5.0,5.0,5.0,5.0,5.0,5.0,1.0,1.0,0.0,0.0,0.03
26,https://www.airbnb.com/rooms/12522,06/03/2023,previous scrape,Perfectly located Castro,"1895 Victorian flat w/ 12 ft ceilings. (No Long Term Rentals) Close to Mission, & 2.5 blocks from Castro theater. MUNI is 3 blocks away. Room is a garden view, quiet space and great value for one of the most expensive neighborhoods in the US!<br /><br /><b>The space</b><br />We live in an 1895 Victorian top flat with 12 foot ceilings on the best block in San Francisco.  Our calendar is always up to date.<br /><br />Location Location Location~ Our home is close to the Mission, Lower Haight, and 2.5 blocks from the Castro theater.  The underground is 3 blocks away, with a street car even closer.  The room is garden-side quiet, and a great price for one of the most expensive neighborhoods in the US!<br /><br />Please fill out your profile if you are interested~and make sure to arrange a time to meet prior to your arrival, I lead a busy lifestyle, work full time, and wouldn't want to miss anyone! Check in is at 5 and we are 37 steps up from street level. <br /><br />Restaurants are plentif",sin registro,https://a0.muscache.com/pictures/9158991/d0fa6362_original.jpg,https://www.airbnb.com/users/show/18431,Brenda,22/05/2009,"San Francisco, CA","About Brenda: I'm a traveler who enjoys a good glass of wine and good conversation. I have the greatest friends one could ask for and enjoy San Francisco thoroughly.  Swimming makes me happy.

About Tim: lovely Englishman and musician who celebrates San Francisco every. day.",within an hour,100%,100%,t,https://a0.muscache.com/im/users/18431/profile_pic/1310056211/original.jpg?aki_policy=profile_small,https://a0.muscache.com/im/users/18431/profile_pic/1310056211/original.jpg?aki_policy=profile_x_medium,The Castro,"['email', 'phone']",t,t,sin registro,Castro/Upper Market,Private room in rental unit,Private room,1.5,"[""Essentials"", ""Bed linens"", ""Dishes and silverware"", ""Extra pillows and blankets"", ""Dishwasher"", ""Fast wifi \u2013 494 Mbps"", ""Iron"", ""Host greets you"", ""Dedicated workspace"", ""Microwave"", ""Hot water"", ""Hair dryer"", ""Refrigerator"", ""Smoke alarm"", ""Heating"", ""Kitchen""]",$99.00,t,06/03/2023,14/01/2010,20/02/2023,STR-0000057,f,12522,20200000000000.0,18431.0,1.0,2.0,37.76237,-122.42992,2.0,1.0,1.0,3.0,27.0,3.0,3.0,27.0,27.0,3.0,27.0,5.0,7.0,7.0,7.0,93.3,19.0,2.0,4.92,4.94,4.9,4.95,4.96,4.94,4.93,1.0,1.0,1.0,0.0,2.79
46,https://www.airbnb.com/rooms/530857,06/03/2023,city scrape,"Sunny, quiet private room with parking","1920's three bedroom house with a formal dining room, spacious living room and well stocked kitchen. We're located on the southern side of the city, in a quiet, mainly residential neighborhood. Mc Claren Park is a few blocks away as well as bars, banks, bus lines, and the BART is just over a half mile away. One sunny private room with bay windows available on the back side of the house. Its furnished with all the things you'd need including a little desk, dresser and a closet.<br /><br /><b>The space</b><br />Our house is a spacious marina style home, 1,200 square feet. It features a large fully equipped kitchen that you are welcome to use any time. A formal dining room, and big living room with fire place, refurbished oak floors throughout, washer and dryer, wireless hi speed internet, flat screen tv and cable. The 3 bedrooms are off a central hallway all with direct access to redwood deck and sunny patio, garden. We're located a few blocks from Geneva and Mission Street, in a safe ne","2 blocks away is Broken Record. It's a whiskey bar with a kitchen in back. The kitchen has been given some great reviews, delicious southern food. <br /><br />Also the Dark Horse has a great menu and full bar. <br /><br />There are a lot of taquerias in the neighborhood, Guadalajara on Mission is my favorite.<br /><br />Cumaica, Stop and Wrap are our local coffee shops and are within walking distance from the house.<br /><br />The Mission District and everything it has to offer is the next neighborhood over (2 BART stops, 5 minute drive, 10 minute on bus)",https://a0.muscache.com/pictures/713aa5ff-4026-467f-9d8b-e7edb0526ac7.jpg,https://www.airbnb.com/users/show/2607120,Gregory,11/06/2012,"San Francisco, CA","Hello! 
My name is Gregory and I moved to San Francisco from Long Beach in my early Twenties. I didn't realize it then, but I would, in time, fall in Love with the Bay Area and never want to move again. 

I have a teenager, triplet sisters, one Basset hound and many nieces and nephews. 

I am a collector of beautiful art and unusual things, I read and write a lot. And enjoy being outdoors with family and friends. Cheep beer, a few hound dogs, meat on the grill, around those I love- pretty much sums up heaven to me.

As a host, I am a wealth of information on this city and surrounding areas, I enjoy people and am open and willing to accommodate your best stay in our vacation rental.












",within an hour,100%,100%,t,https://a0.muscache.com/im/users/2607120/profile_pic/1415397691/original.jpg?aki_policy=profile_small,https://a0.muscache.com/im/users/2607120/profile_pic/1415397691/original.jpg?aki_policy=profile_x_medium,Excelsior,"['email', 'phone']",t,t,"San Francisco, California, United States",Excelsior,Private room in home,Private room,1.5,"[""Oven"", ""Self check-in"", ""Cooking basics"", ""Shampoo"", ""Smoke alarm"", ""Patio or balcony"", ""Private living room"", ""Kitchen"", ""Dishes and silverware"", ""Hangers"", ""Dedicated workspace"", ""TV with standard cable"", ""Washer"", ""Hot water"", ""Refrigerator"", ""Microwave"", ""Backyard"", ""Wifi"", ""Heating"", ""Building staff"", ""Dishwasher"", ""Iron"", ""First aid kit"", ""Stove"", ""Essentials"", ""Free street parking"", ""Coffee maker"", ""Hair dryer"", ""Fire extinguisher"", ""Dryer""]",$85.00,t,06/03/2023,20/05/2018,31/01/2023,STR-0003035,t,530857,20200000000000.0,2607120.0,2.0,3.0,37.71727,-122.43644,1.0,1.0,1.0,2.0,144.9,2.0,2.0,1125.0,1125.0,2.0,1125.0,0.0,26.0,56.0,331.0,38.0,7.0,0.0,5.0,4.89,4.89,4.97,4.97,4.87,4.95,2.0,1.0,2.0,0.0,0.65
53,https://www.airbnb.com/rooms/561602,06/03/2023,city scrape,"Great view in the Mission, 15 mins by bus downtown","Stunning view of SFâ€™s highest hill from your room. For 2 guests wanting separate rooms, a smaller room is available for $10 extra per night. Both rooms are sunny, quiet. Complete privacy on your own floor. Comfortable workspace. Free breakfast, washer-dryer. <br /><br />1 block to ""The Mission,"" SF's hippest neighborhood<br /><br />1 bus: <br />15 mins downtown cable cars, Chinatown<br />25 mins Fisherman's Wharf, Pier 39<br />15 mins Castro<br /><br />Guests MUST have 2 COVID vaccinations and 1 booster. Please confirm when booking.<br /><br /><b>The space</b><br />Both guest rooms are on the 2nd floor (what Europeans call the 1st floor), and both have doors that close. The larger room is 160 square feet / 15 square meters in size; the smaller is 105 square feet / 10 square meters. The rooms are separated by a 10-foot (3-meter) hallway. Your partyâ€”whether 1 or 2 peopleâ€”will have the entire floor to yourself. [Note: If you are 2 people who wish to sleep in separate rooms, there is an ad","My house on a quiet brick cul-de-sac in Bernal Heights, a charming, quiet, safe village on a hill above the Mission District, the coolest area of the city. My home is just one block from the intersection of Mission and Valencia Streets, the two principle arteries through ""the Mission.""",https://a0.muscache.com/pictures/0dc1946f-936c-4d84-9280-4611849d58e1.jpg,https://www.airbnb.com/users/show/2760904,Matthew,27/06/2012,"San Francisco, CA","I'm an older gay man, creative type/writer, fit, energetic, friendly, happy, movie lover, Buddhist meditator who loves donut shops, diners, dive bars, magic shows, theater, movies, and vinyl LPs. An East Coast transplant more than 40 years ago, I know just about every corner of San Francisco, and I'm happy to share information to help you have a great time in this wonderful city. I'm a highly experienced host, with more than 500 guests over eleven years.  ",within a day,100%,100%,t,https://a0.muscache.com/im/pictures/user/d466a2c0-e4c5-4221-81df-89dbd0ef6799.jpg?aki_policy=profile_small,https://a0.muscache.com/im/pictures/user/d466a2c0-e4c5-4221-81df-89dbd0ef6799.jpg?aki_policy=profile_x_medium,Bernal Heights,"['email', 'phone']",t,t,"San Francisco, California, United States",Bernal Heights,Private room in home,Private room,1.0,"[""Oven"", ""Cooking basics"", ""Blender"", ""Shampoo"", ""Host greets you"", ""Free washer \u2013 In building"", ""Smoke alarm"", ""Baking sheet"", ""Room-darkening shades"", ""Coffee"", ""Kitchen"", ""Bed linens"", ""Carbon monoxide alarm"", ""Dishes and silverware"", ""Extra pillows and blankets"", ""Hangers"", ""Body soap"", ""Dedicated workspace"", ""Microwave"", ""Hot water"", ""Refrigerator"", ""Private patio or balcony"", ""Pocket wifi"", ""Wifi"", ""Heating"", ""Freezer"", ""Shower gel"", ""Iron"", ""Clothing storage: dresser and closet"", ""Private backyard \u2013 Fully fenced"", ""Outdoor dining area"", ""Hot water kettle"", ""First aid kit"", ""Stove"", ""Books and reading material"", ""City skyline view"", ""Toaster"", ""Portable fans"", ""Essentials"", ""Free street parking"", ""Coffee maker"", ""Wine glasses"", ""Outdoor furniture"", ""Breakfast"", ""Cleaning products"", ""Free dryer \u2013 In building"", ""Conditioner"", ""Hair dryer"", ""Fire extinguisher""]",$80.00,t,06/03/2023,23/07/2012,01/03/2023,STR-0001006,f,561602,20200000000000.0,2760904.0,1.0,1.0,37.74403,-122.41755,2.0,2.0,2.0,4.0,12.0,4.0,4.0,12.0,12.0,4.0,12.0,2.0,11.0,22.0,67.0,246.0,4.5,0.3,4.98,4.99,4.98,5.0,4.98,4.88,4.91,1.0,1.0,1.0,0.0,1.9
74,https://www.airbnb.com/rooms/25094,06/03/2023,city scrape,San Francisco's Luxury Oasis Private Room On Noe,"Come enjoy a wonderful San Francisco experience with a native San Franciscan and his Spanish speaking Cuban husband. Whether in town for work or pleasure you will be treated as a valued guest.<br />The guest en suite bed/bathroom is comfortable and private. In addition, so many spaces for your pleasure... a beautiful garden to have a glass of wine, read a book or unwind from both work or play. Speaking of work, there's a private office for our guests. <br />On Sunday's Alfredo will prepare his homemade pancakes!<br />We're vaccinated + had boosters. We look forward to welcoming you to our Oasis on Noe!<br /><br />Beautiful private room in a lovely Upper Noe Valley/Glen Park home featured on 'HGTV' and in a book entitled 'House Colors'. Our home offers a quiet respite for your stay in the city by the bay. Soft towels, fine soaps and shampoos with lovely furnishings await you. The enchanting landscaped patio and garden are perfect for breakfast or a glass of wine when you get home. The g","Where Noe Valley meets Glen Park you will experience two vital neighborhoods. Great restaurants nearby that we can recommend and MUNI,   San Franciscoâ€™s main transportation is just a couple of minutes away to get you to the financial district or South of Market.  The lively Mission district is close by, as well as the Castro District or Bernal Heights. The airport is 20 minutes away by UBER or LYFT.",https://a0.muscache.com/pictures/monet/Select-25094/original/ca475940-abc5-466c-8e15-443b8ef32457,https://www.airbnb.com/users/show/103339,Bruce,04/04/2010,"San Francisco, CA","My husband and very proud Cubano Alfredo and I have lived together in our home since 1986. We met in NYC in the 80's when we both lived there. We returned to my San Francisco roots as I am a 4th generation San Franciscan who was ready to come home to my city by the bay! Alfredo tends to the garden, I do the flowers in the house!  He's the cook, I take out the garbage! We are both very gracious hosts and enjoy meeting people from all walks of life from all parts of the world. We are most passionate about home, travel, a great sale and all festive occasions. ",within an hour,100%,92%,t,https://a0.muscache.com/im/pictures/user/e6c2c222-ea5d-4f4b-b905-5ab579e1705a.jpg?aki_policy=profile_small,https://a0.muscache.com/im/pictures/user/e6c2c222-ea5d-4f4b-b905-5ab579e1705a.jpg?aki_policy=profile_x_medium,Glen Park,"['email', 'phone', 'work_email']",t,t,"San Francisco, California, United States",Glen Park,Private room in home,Private room,1.0,"[""Oven"", ""Cooking basics"", ""Luggage dropoff allowed"", ""Shampoo"", ""Dining table"", ""Free parking on premises"", ""Smoke alarm"", ""Lock on bedroom door"", ""Room-darkening shades"", ""Patio or balcony"", ""Kitchen"", ""Bed linens"", ""Carbon monoxide alarm"", ""Dishes and silverware"", ""Extra pillows and blankets"", ""Hangers"", ""Body soap"", ""Dedicated workspace"", ""Microwave"", ""Washer"", ""Refrigerator"", ""Backyard"", ""Wifi"", ""Heating"", ""Long term stays allowed"", ""BBQ grill"", ""Dishwasher"", ""Iron"", ""TV with standard cable, DVD player, Netflix"", ""Hot water kettle"", ""First aid kit"", ""Stove"", ""Indoor fireplace"", ""Sound system"", ""City skyline view"", ""Essentials"", ""Free street parking"", ""Coffee maker"", ""Outdoor furniture"", ""Breakfast"", ""Hair dryer"", ""Fire extinguisher"", ""Dryer""]",$165.00,t,06/03/2023,21/06/2016,13/02/2023,STR-0002528,f,25094,20200000000000.0,103339.0,1.0,1.0,37.74159,-122.43159,2.0,1.0,1.0,5.0,45.0,5.0,5.0,45.0,45.0,5.0,45.0,11.0,41.0,71.0,346.0,60.0,9.0,1.0,4.97,5.0,5.0,4.98,5.0,4.95,4.91,1.0,1.0,1.0,0.0,0.73
82,https://www.airbnb.com/rooms/623906,06/03/2023,city scrape,Sweet Victorian Charmer with Views,"Perched high up on 28th St. with stunning views of downtown and the Bay Bridge from our dining room, living room, kitchen and deck our home can be yours while we're away in December. Parking is free and readily available - no kidding - and public transportation is so close you can see the bus stop from the front door. If you'd like to settle into our little gem after a hard day of sightseeing, let us know!<br /><br /><b>The space</b><br />Our home is more than 100 years old and we love its old world charm.  It has lots of wood and lots of windows and an open floor plan so you can enjoy the panoramic view from the kitchen, dining and livingrooms. There is a wrap around deck with plants, a barbeque and a table and chairs - great for breakfast or lunch in good weather.  The bedroom has a double bed and we have a double futon mattress that you're welcome to use in the living room.  There is one full bathroom.<br /><br />With garden, deck, and stunning views you might just want to experienc","We live in a great part of San Francisco. The views are lovely, the air is fresh, the people are friendly, and parking is free and readily available in our part of Noe Valley (as opposed to many other parts of our neighborhood and the city).<br /><br />We're close to great dining and neighborhood shopping. 24th Street in ""downtown"" Noe Valley is one of the most delightful neighborhoods in San Francisco. It's like being in a small town in the midst of a big city.<br /><br />We're also convenient to the ""Big City"" and to all parts of the Bay Area.  We are close to public transportation and to highways that can easily get you to nearby cities and attractions if you have a car. (See ""Getting Around"" for more details.)",https://a0.muscache.com/pictures/96889318/95c7eaf9_original.jpg,https://www.airbnb.com/users/show/1772044,Judy,18/02/2012,"San Francisco, CA","I'm a Yoga teacher and body movement therapist, happy to share my skills with you for a deeply discounted fee (just give me your tired, your poor). When I'm not doing yoga or helping others feel better I'm often imagining myself in a Latin American country such as Guatemala where I lived with a family and studied Spanish.  If you're up for it, I welcome the opportunity to practice with you.",within a few hours,100%,89%,f,https://a0.muscache.com/im/users/1772044/profile_pic/1347080319/original.jpg?aki_policy=profile_small,https://a0.muscache.com/im/users/1772044/profile_pic/1347080319/original.jpg?aki_policy=profile_x_medium,Noe Valley,"['email', 'phone']",t,t,"San Francisco, California, United States",Noe Valley,Entire home,Entire home/apt,1.0,"[""Oven"", ""Cooking basics"", ""Luggage dropoff allowed"", ""Shampoo"", ""Dining table"", ""Coffee maker: pour-over coffee"", ""Smoke alarm"", ""Baking sheet"", ""Coffee"", ""Patio or balcony"", ""Kitchen"", ""Bed linens"", ""Carbon monoxide alarm"", ""Dishes and silverware"", ""Extra pillows and blankets"", ""Hangers"", ""Bathtub"", ""Body soap"", ""Laundromat nearby"", ""Microwave"", ""Hot water"", ""Refrigerator"", ""Wifi"", ""Central heating"", ""Iron"", ""Shared backyard \u2013 Not fully fenced"", ""First aid kit"", ""Stove"", ""Books and reading material"", ""Toaster"", ""Essentials"", ""Free street parking"", ""Wine glasses"", ""Outdoor furniture"", ""Cleaning products"", ""Conditioner"", ""Hair dryer"", ""Private entrance"", ""Fire extinguisher""]",$119.00,t,06/03/2023,31/08/2014,01/12/2022,2022-010573STR,f,623906,20200000000000.0,1772044.0,2.0,5.0,37.74551,-122.43723,2.0,1.0,1.0,5.0,8.0,5.0,5.0,8.0,8.0,5.0,8.0,0.0,4.0,4.0,60.0,4.0,1.0,0.0,5.0,5.0,4.75,5.0,5.0,5.0,5.0,2.0,1.0,0.0,0.0,0.04
88,https://www.airbnb.com/rooms/269756,06/03/2023,previous scrape,Twin Peaks Home Available for 3+ Month Stays,"Our home is located in a quiet, safe neighborhood on the western slope of Twin Peaks. The two upstairs bedrooms are available for rent, on the same floor as the shared kitchen, living & dining rooms and full bath. <br /><br />We reserve the downstairs bedroom and half bath for ourselves. We spend the majority of the year traveling and working from the road, so chances are that you will have the house to yourself for the majority of your stay.<br /><br /><b>The space</b><br />Our home sits in the geographic center of San Francisco, in a quiet, safe neighborhood with stunning hillside and ocean views. This is an ideal location for those who would rather stay just outside of the active pulse of the inner city. If you have a car, our street has plenty of free parking and no street cleaning, so no parking tickets to worry about. <br /><br />The house is mid-century, two-levels, with views that look over the hills to the ocean. It has wireless Internet, a 37"" HDTV with both Netflix and Amazo","The neighborhood is quiet and safe and in the geographic center of the city. It's paradise for those who like to walk or run hills. <br /><br />The walk up to the city's highest point (Twin Peaks) and its 360 degree views takes just 10 minutes. There are numerous hilltop parks and forested trails. Check the book ""Stairway Walks in San Francisco"". There are many artful stairway walks throughout the city that originate near our house. Cafe's and restaurants are a 20-30 minute walk away in any direction.",https://a0.muscache.com/pictures/miso/Hosting-269756/original/59a24951-0fa7-4dc1-91cd-e997b2dc5dab.jpeg,https://www.airbnb.com/users/show/1409731,Daniel,15/11/2011,"San Francisco, CA","I and my partner Ellen are home owners in the vibrant city of San Francisco. We are travelers by nature, leaning toward the outdoors: camping, hiking & backpacking, while remaining immersed in the social and culturally rich world of the city.

We're into cooking, music, biking, long walks and hosting gatherings with our friends.

Life is Grand!",within a day,100%,sin registro,f,https://a0.muscache.com/im/pictures/user/80e0ef70-2fa8-4e97-b633-043ded06f7d5.jpg?aki_policy=profile_small,https://a0.muscache.com/im/pictures/user/80e0ef70-2fa8-4e97-b633-043ded06f7d5.jpg?aki_policy=profile_x_medium,Twin Peaks,"['email', 'phone']",t,t,"San Francisco, California, United States",Twin Peaks,Private room in home,Private room,1.0,"[""Oven"", ""Cooking basics"", ""Blender"", ""Dining table"", ""Free parking on premises"", ""Pets allowed"", ""Smoke alarm"", ""Baking sheet"", ""Room-darkening shades"", ""Patio or balcony"", ""Barbecue utensils"", ""Kitchen"", ""Bed linens"", ""Carbon monoxide alarm"", ""Dishes and silverware"", ""Extra pillows and blankets"", ""Hangers"", ""Bathtub"", ""Coffee maker: drip coffee maker, pour-over coffee"", ""Dedicated workspace"", ""TV with standard cable"", ""Washer"", ""Hot water"", ""Refrigerator"", ""Microwave"", ""Backyard"", ""Wifi"", ""Heating"", ""Long term stays allowed"", ""BBQ grill"", ""Freezer"", ""Dishwasher"", ""Iron"", ""Clothing storage: dresser and closet"", ""Hot water kettle"", ""First aid kit"", ""Stove"", ""Books and reading material"", ""Toaster"", ""Essentials"", ""Free street parking"", ""Wine glasses"", ""Outdoor furniture"", ""Cleaning products"", ""Hair dryer"", ""Fire extinguisher"", ""Dryer""]",$115.00,t,06/03/2023,02/01/2015,12/08/2016,STR-0000585,f,269756,20200000000000.0,1409731.0,1.0,1.0,37.75265,-122.45092,3.0,2.0,2.0,16.9,200.0,16.8,17.2,200.0,200.0,17.0,200.0,0.0,0.0,0.0,0.0,7.0,0.0,0.0,5.0,5.0,4.83,5.0,5.0,4.67,5.0,1.0,1.0,1.0,0.0,0.07
103,https://www.airbnb.com/rooms/647360,06/03/2023,city scrape,"Stylish, Comfortable Apartment Close to Twin Peaks","Indulge in unrivaled comfort in this luxurious space with a unique art collection, and a private patio. Enjoy a glass of wine in a chic, spacious living area while cozying up next to the feature fireplace, or cook gourmet meals in the state-of-the-art kitchen.<br /><br />Large luxurious centrally located 1100 sq ft apartment / first floor of private home in a quiet and safe residential neighborhood, just minutes away from the San Francisco Opera / Orpheum / Curran / Golden Gate Theaters, a short bus ride to Golden Gate Bridge, 2.2 miles to famous Harding Park Golf course, and the Olympic Club (Private Club) few minutes drive to famous Pier 39, 1.9 miles to the Beach. Quick underground ride to downtown SF (for great shopping Wilkes Bashford, Neiman Marcus, Bloomingdales,  Bergdorf Goodman, Prada, Gucci, Louis Vuitton)  & 19 minutes to San Francisco International Airport. Fully furnished with WiFi internet. Large great room perfect for entertaining. Fully equipped Gourmet S/S kitchen: 6 ",Merced Manor is relaxing and comfortable with great transport links just minutes from downtown. It's extremely well locatedâ€”get to Stonestown Galleria or the beach within five minutes or explore the local area rich with eateries and great shopping.,https://a0.muscache.com/pictures/c7cdd54d-9c6f-497e-a6dd-3cdd6585d59c.jpg,https://www.airbnb.com/users/show/3245648,Eric & Peter,13/08/2012,"San Francisco, CA","Hello, we live in San Francisco. Merced Manor Apartment is for people who love great design and luxury in a quiet residential neighborhood. As travelers of the world we've stayed in many places, and Merced Manor is for people who want to experience San Francisco in style.     
We'll make sure you feel ""I Left My Heart In San Francisco"".",within an hour,100%,100%,t,https://a0.muscache.com/im/users/3245648/profile_pic/1424114686/original.jpg?aki_policy=profile_small,https://a0.muscache.com/im/users/3245648/profile_pic/1424114686/original.jpg?aki_policy=profile_x_medium,Lakeshore,"['email', 'phone', 'work_email']",t,t,"San Francisco, California, United States",Lakeshore,Entire rental unit,Entire home/apt,1.0,"[""Oven"", ""Cooking basics"", ""Luggage dropoff allowed"", ""Shampoo"", ""Pets allowed"", ""Smoke alarm"", ""Kitchen"", ""Bed linens"", ""Carbon monoxide alarm"", ""Dishes and silverware"", ""Extra pillows and blankets"", ""Hangers"", ""Body soap"", ""Dedicated workspace"", ""Microwave"", ""Washer"", ""Refrigerator"", ""Backyard"", ""Private patio or balcony"", ""Wifi"", ""Heating"", ""Long term stays allowed"", ""Dishwasher"", ""Iron"", ""TV with standard cable, DVD player, Netflix"", ""Hot water kettle"", ""First aid kit"", ""Stove"", ""Indoor fireplace"", ""Sound system"", ""Essentials"", ""Free street parking"", ""Coffee maker"", ""Outdoor furniture"", ""Sun loungers"", ""Hair dryer"", ""Fire extinguisher"", ""Dryer"", ""Single level home""]",$267.00,t,06/03/2023,19/09/2012,23/02/2023,STR-0000044,f,647360,20200000000000.0,3245648.0,1.0,1.0,37.73286,-122.47812,4.0,1.0,2.0,2.0,28.0,2.0,2.0,28.0,28.0,2.0,28.0,14.0,29.0,45.0,238.0,93.3,4.5,0.3,4.97,4.98,4.98,4.98,4.98,4.86,4.91,1.0,1.0,0.0,0.0,0.8
115,https://www.airbnb.com/rooms/42060,06/03/2023,previous scrape,Duboce park Edwardian apartment.,"Minimum stay of approximately 30 nights, we are looking for a longer term guest between February and April 2023. <br /><br />Comfortable 1 bed 1 bath top floor apartment in the middle of great San Francisco neighborhoods. Walking distance to Upper and Lower Haight, Alamo Square, the Mission, The Castro, The Fillmore etc or catch the muni down town and be there in 10 mins.<br /><br /><b>The space</b><br />Live the great San Francisco life style in a fun neighborhood.<br /><br /><br />Top floor remodeled 100 yr old Edwardian one bedroom one bathroom apartment.<br />Approx 800 sq ft, 74 sq meters.<br />Fully furnished.<br />Great Neighborhood with walk score of 97%<br />Half block to Duboce park and 10 mins via Muni to downtown<br />Easy walking distance to the Castro, Alamo Square  and Haight Ashbury<br />Good WiFi with app based TV. <br />Small pets OK.<br />Fully set up functional  home.<br /><br /><b>Guest access</b><br />Sorry parking unavailable at this time, street permit parking i","Quietness in a busy city, walking distance to everything you need including a Whole Foods and Safeway supermarkets.",https://a0.muscache.com/pictures/a3f51726-3a6d-4fa7-9eaf-e79399a2f6fd.jpg,https://www.airbnb.com/users/show/183862,Cole,28/07/2010,"San Francisco, CA",New Zealand business person living most of the time in San Francisco.,within a few hours,100%,75%,f,https://a0.muscache.com/im/pictures/user/4c85b45f-571e-40de-ba1b-ba53ed457bb6.jpg?aki_policy=profile_small,https://a0.muscache.com/im/pictures/user/4c85b45f-571e-40de-ba1b-ba53ed457bb6.jpg?aki_policy=profile_x_medium,Duboce Triangle,"['email', 'phone', 'work_email']",t,t,"San Francisco, California, United States",Western Addition,Entire condo,Entire home/apt,1.0,"[""Oven"", ""Self check-in"", ""Cooking basics"", ""Luggage dropoff allowed"", ""GE gas stove"", ""Blender"", ""Dining table"", ""Free dryer \u2013 In unit"", ""Pets allowed"", ""Smoke alarm"", ""Room-darkening shades"", ""Barbecue utensils"", ""Kitchen"", ""Free washer \u2013 In unit"", ""Bed linens"", ""Carbon monoxide alarm"", ""Dishes and silverware"", ""Extra pillows and blankets"", ""Hangers"", ""Bathtub"", ""Smart lock"", ""Microwave"", ""Hot water"", ""Refrigerator"", ""Wifi"", ""Clothing storage"", ""Central heating"", ""Shared backyard \u2013 Fully fenced"", ""Long term stays allowed"", ""BBQ grill"", ""Freezer"", ""Dishwasher"", ""Iron"", ""Hot water kettle"", ""Toaster"", ""Essentials"", ""42\"" HDTV with Netflix, Hulu, HBO Max, standard cable, Apple TV, Amazon Prime Video"", ""Rice maker"", ""Wine glasses"", ""Outdoor furniture"", ""Cleaning products"", ""Hair dryer"", ""Private entrance"", ""Fire extinguisher""]",$105.00,t,06/03/2023,08/08/2010,18/03/2012,sin registro,f,42060,20200000000000.0,183862.0,1.0,3.0,37.76962654,-122.432104,2.0,1.0,1.0,30.0,60.0,30.0,30.0,1125.0,1125.0,30.0,1125.0,0.0,18.0,18.0,32.0,6.0,0.0,0.0,5.0,5.0,5.0,5.0,5.0,5.0,5.0,1.0,1.0,0.0,0.0,0.04
123,https://www.airbnb.com/rooms/329020,06/03/2023,previous scrape,The Clock Tower Loft circa 1907.,"Please contact me for a Special Discount. Also note that the Modern Museum, Jewish Museum and the baseball and basketball arenas are within walking distance from the  loft. Three parks are also close by too. <br />Kindly know that the min stay shall be 20 days and no more than 30 days from Sept 15th and on. Iâ€™m willing to negotiate the rate.<br /><br /><b>The space</b><br />A one bedroom loft in a historical landmark in SOMA, San Francisco.<br />A former printing company in the early 1900's which was converted into 'live/work' . I'm architectural designer who completely remodeled my 1,200 sq ft, new italian kitchen cabinets, hardwood fls, 14ft clg hi., brick walls, new bathroom.The loft overlooks into a serene interior courtyard, lots of natural light. It's a home that can be appreciated as a great living space in a unique urban center with restaurants, cafes, parks and close to MOMA and the SF's Bay/Embarcadero is 3 blocks from it.<br /><br /><b>Guest access</b><br />The entire loft i",sin registro,https://a0.muscache.com/pictures/3579339/9569ece3_original.jpg,https://www.airbnb.com/users/show/326840,Jorge,25/12/2010,"San Francisco, CA","Soy arquitecto y vivo desde hace muchos anos en San Francisco, California. Estoy viajando con 3 amigos/clientes en SA, estaremos varios dias en Brazil y luego queremos pasar 5 noches en Lima.",sin registro,sin registro,sin registro,f,https://a0.muscache.com/im/users/326840/profile_pic/1328053538/original.jpg?aki_policy=profile_small,https://a0.muscache.com/im/users/326840/profile_pic/1328053538/original.jpg?aki_policy=profile_x_medium,South Beach,"['email', 'phone']",t,t,sin registro,South of Market,Entire loft,Entire home/apt,1.0,"[""Cooking basics"", ""Bosch  oven"", ""Sub zero refrigerator"", ""Coffee maker: drip coffee maker"", ""Shampoo"", ""Blender"", ""Paid resort access"", ""Free washer \u2013 In building"", ""Pets allowed"", ""Smoke alarm"", ""Baking sheet"", ""Coffee"", ""Drying rack for clothing"", ""Kitchen"", ""Bed linens"", ""Carbon monoxide alarm"", ""Dishes and silverware"", ""Extra pillows and blankets"", ""Hangers"", ""Body soap"", ""Dedicated workspace"", ""Hot water"", ""Bikes"", ""Wifi"", ""Heating"", ""Paid parking lot off premises"", ""Bosch  stove"", ""Freezer"", ""Shower gel"", ""Dishwasher"", ""Iron"", ""Hot water kettle"", ""Exercise equipment: free weights, yoga mat"", ""Books and reading material"", ""Ceiling fan"", ""Toaster"", ""Public or shared beach access"", ""Essentials"", ""Bluetooth sound system"", ""Wine glasses"", ""Free parking garage on premises \u2013 1 space"", ""Elevator"", ""Cleaning products"", ""Free dryer \u2013 In building"", ""Conditioner"", ""Hair dryer"", ""Record player""]",$250.00,t,06/03/2023,10/03/2012,05/10/2017,sin registro,t,329020,20200000000000.0,326840.0,1.0,1.0,37.78377,-122.39275,2.0,1.0,1.0,30.0,120.0,30.0,30.0,120.0,120.0,30.0,120.0,0.0,0.0,0.0,0.0,6.0,0.0,0.0,5.0,5.0,5.0,5.0,5.0,5.0,5.0,1.0,1.0,0.0,0.0,0.04
125,https://www.airbnb.com/rooms/664315,06/03/2023,previous scrape,Home in the Heart of the Mission,"Welcome! Our centrally located home is perfect for couples and families. Walking distance to close to 100 restaurants, shops, Alamo Cinema Draft House, farmer's market, bars, live music, parks, public transportation and a block and a half from BARTâ€¦ Sunny, warmest neighborhood in SF, culturally diverse, bursting with life. High Speed Internet, HD TV, Direct TV, HBO/Showtime, Effective 10/1/14, all Airbnb hosts in SF must charge an additional 14% hotel tax on top of room + cleaning per night.<br /><br /><b>The space</b><br />NEW! We now have Fiber Optic Internet service (1 Gig down, 700 Mbps Up) NEW! Our newly split level landscaped backyard features a beautiful slate patio, BBQ grill, potted flowers and succulents, mature olive, avocado, apple and pomegranate trees and realistic, artificial turf (SF is really not friendly to grass lawns). ALSO NEW: Nespresso Machine with 18 flavors/types of cappuccino, espresso and lattes for you to enjoy (in the right glassware).  After a year of host","The melting pot of cultures, the murals, the restaurants, shops, farmer's market, walkability, festivals, bars, access to BART and MUNI.",https://a0.muscache.com/pictures/18027058/fc2b9e6d_original.jpg,https://www.airbnb.com/users/show/3355966,Geoff,24/08/2012,"San Francisco, CA","My wife and I have traveled the world, but have called San Francisco home for 25 years. We invite you to stay with us in our 1896 Edwardian home in the middle of the Mission District, San Francisco's oldest and arguably most vibrant neighborhood filled with a diverse range of some of the City's best restaurants, bars, parks, shops, and more. Not to mention our neighborhood is the warmest, flattest, and fog free part of San Francisco. 

We're 15 minutes from SFO by taxi, a block and a half from the 24th Bart Station and close to many bus and MUNI (subway) lines. Having visited Southeast Asia, Oceania, Australia, Europe, Central America, and of course all over North America, one theme holds true for all our adventures: discover the true culture and flavor wherever we are. 

As your host, we'll do everything we can to make sure you get off the beaten path. We're happy to share our favorite restaurants, local hangouts, and ensure you see the true San Francisco, not just the typical touristy sites. We're into everything from scuba diving, biking, kayaking, hiking, wine, art, music, food, festivals, museums, all things teens, parks, and more. Whatever you're into, we'll point you in the right direction so you have an authentic and memorable time in San Francisco. My motto is from the great Mahatma Ghandi: ""Be the change you wish to see in the world."" Our style of hosting reflects the needs of our guests. When possible, we like to meet our guests. However we understand that many of them are busy on a tight schedule or not interested to meet us so we respect that. We want to make sure every guest is comfortable and part of that is respecting boundaries and their personal space. 

We look forward to hosting you soon! If you have any questions, please feel free to ask. We're just a click away. ",within an hour,100%,100%,t,https://a0.muscache.com/im/pictures/user/69181576-5598-42ee-bdc5-d995b256b3c9.jpg?aki_policy=profile_small,https://a0.muscache.com/im/pictures/user/69181576-5598-42ee-bdc5-d995b256b3c9.jpg?aki_policy=profile_x_medium,Mission District,"['email', 'phone', 'work_email']",t,t,"San Francisco, California, United States",Mission,Entire home,Entire home/apt,2.0,"[""Security cameras on property"", ""Self check-in"", ""Shampoo"", ""Air conditioning"", ""Paid parking off premises"", ""Smoke alarm"", ""Kitchen"", ""Carbon monoxide alarm"", ""Dishes and silverware"", ""Hangers"", ""Dedicated workspace"", ""TV with standard cable"", ""Washer"", ""Hot water"", ""Refrigerator"", ""Backyard"", ""Private patio or balcony"", ""Wifi"", ""Heating"", ""BBQ grill"", ""Iron"", ""Fire pit"", ""Outdoor dining area"", ""First aid kit"", ""Essentials"", ""Hammock"", ""Coffee maker"", ""Outdoor furniture"", ""Hair dryer"", ""Fire extinguisher"", ""Dryer"", ""Lockbox""]",$136.00,t,06/03/2023,18/08/2013,03/01/2019,City Registration Pending,f,664315,20200000000000.0,3355966.0,2.0,2.0,37.75502,-122.41889,6.0,3.0,2.0,7.0,30.0,7.0,7.0,30.0,30.0,7.0,30.0,0.0,0.0,0.0,0.0,6.0,0.0,0.0,4.83,4.9,4.33,5.0,5.0,4.83,5.0,2.0,1.0,1.0,0.0,0.05
129,https://www.airbnb.com/rooms/338849,06/03/2023,city scrape,Best area Bright LARGE Beautiful,"<b>The space</b><br />BEST NEIGHBORHOOD-FILLMORE STREET-JAPANTOWN-LOWER PACIFIC HEIGHTS <br />WIFI, CABLE TV INCLUDED <br /> <br />The is one large room. It feels like a mini-suite but technically it is one room. The large room has a divider so there's a living room space and a bedroom space. The room is close to 400 square feet. The room has high ceilings and lots of window area. The room and bathroom are clean and modern. <br /> <br />The room is south facing so gets tons of natural direct light. Movie theatre, safeway, walgreens, cafes, restaurants, foot steps away. <br /> <br />Queen size firm bed. I have received compliments about it. <br /> <br />Washer dryer in the unit.  <br /> <br />Near great bus lines that wil get you to downtown and the marina in 15min. 25min walk. Bus lines: 1,2,3,4,22,38, 38L <br /> <br />Shared bathroom <br /> <br />No couples allowed<br /><br /><b>Guest access</b><br />their room, bathroom, kitchen",sin registro,https://a0.muscache.com/pictures/4300688/5ed964a1_original.jpg,https://www.airbnb.com/users/show/1670339,Je,29/01/2012,"San Francisco, CA","Flexible, considerate, clean, ethical
",a few days or more,0%,0%,f,https://a0.muscache.com/im/users/1670339/profile_pic/1403339684/original.jpg?aki_policy=profile_small,https://a0.muscache.com/im/users/1670339/profile_pic/1403339684/original.jpg?aki_policy=profile_x_medium,Japantown,"['email', 'phone']",t,t,sin registro,Western Addition,Private room in rental unit,Private room,1.0,"[""Heating"", ""Cooking basics"", ""Elevator"", ""Dedicated workspace"", ""TV with standard cable"", ""Washer"", ""Smoke alarm"", ""Indoor fireplace"", ""Wifi"", ""Dryer"", ""Kitchen""]",$59.00,t,06/03/2023,15/09/2013,16/10/2014,sin registro,f,338849,20200000000000.0,1670339.0,2.0,7.0,37.78599,-122.43232,1.0,1.0,1.0,30.0,120.0,30.0,30.0,120.0,120.0,30.0,120.0,13.0,43.0,73.0,348.0,3.0,0.0,0.0,5.0,5.0,5.0,5.0,5.0,5.0,5.0,2.0,1.0,1.0,0.0,0.03
237,https://www.airbnb.com/rooms/1151109,06/03/2023,city scrape,Contemporary SF home with roofdeck,"Prime Location! This luxurious duplex apartment is  a stunning contemporary home, located in fabulous Cow Hollow.  Roofdeck view terrace, chef's kitchen, fireplace, luxurious furnishings.<br /><br /><b>The space</b><br />Features include chef's kitchen, sun-filled roof deck terrace with fireplace, city and Golden Gate Bridge views and multiple outdoor terraces. Spacious loft style living room with fireplace, baby grand piano, and large flat screen TV opens up to the dining area and chef's kitchen on the main floor. There is also a full bathroom with shower and laundry on main floor. Master bedroom with en-suite bathroom, and a second double bedroom are located up the staircase; each bedroom with its own private outdoor decks. Heated floors throughout the house. Just steps from the restaurants and shops of Chestnut and Union Street as well as Marina Green and Fort Mason.<br /><br /><b>License number</b><br />STR-1021838",One of the most beautiful neighborhoods in San Francisco.,https://a0.muscache.com/pictures/17316756/5870ec86_original.jpg,https://www.airbnb.com/users/show/6308697,Bella,09/05/2013,"San Francisco, CA"," I am from California, love to travel and visit beautiful places.",within a day,100%,sin registro,f,https://a0.muscache.com/im/users/6308697/profile_pic/1368219212/original.jpg?aki_policy=profile_small,https://a0.muscache.com/im/users/6308697/profile_pic/1368219212/original.jpg?aki_policy=profile_x_medium,Marina,"['email', 'phone']",t,t,"San Francisco, California, United States",Marina,Entire home,Entire home/apt,2.0,"[""Essentials"", ""Indoor fireplace"", ""Carbon monoxide alarm"", ""Hangers"", ""Iron"", ""Shampoo"", ""TV with standard cable"", ""Washer"", ""Hair dryer"", ""Pets allowed"", ""Smoke alarm"", ""Dryer"", ""Patio or balcony"", ""Wifi"", ""Heating"", ""Kitchen""]",$799.00,t,06/03/2023,04/03/2016,28/12/2021,STR-1021838,f,1151109,20200000000000.0,6308697.0,2.0,3.0,37.80022,-122.43953,6.0,2.0,2.0,30.0,144.9,30.0,30.0,1125.0,1125.0,30.0,1125.0,30.0,60.0,90.0,365.0,12.0,0.0,0.0,5.0,5.0,5.0,5.0,5.0,5.0,4.91,1.0,1.0,0.0,0.0,0.14
245,https://www.airbnb.com/rooms/70139,06/03/2023,city scrape,Noe Valley Studio + Home Office,"Monthly maid service and all bills paid.  Book 1st month on Airbnb with year-long lease (no penalty for early move-out).  Studio apartment, full kitchen, private laundry, home office.  Queen size bed plus fold-out sofa for a guest.  Smart TV for streaming (no cable TV), spacious bathroom with bathtub and storage.  Outdoor areas (shared with the owners who live upstairs) include wifi, power hookups, peaceful fountain, hammock, shade sail, tables and chairs for working from home or just relaxing.<br /><br /><b>The space</b><br />Furnished, clean and well-equipped studio apartment with washer and dryer access, full kitchen, and a lovely front patio and backyard garden.  We're in the southeast corner of Noe Valley, walking distance from 24th St Mission BART and the J-Church line, as well as some of the best shopping, night life, architecture, and neighborhood feel.  <br /><br />From this apartment, you can enjoy walking in the Mission, Noe Valley and/or Bernal Heights every day.  Our favor","We live on a lovely street with front and backyard gardens, and we're walking distance to Dolores Park and Bernal Heights Park.  Fun, eclectic shops, restaurants, grocery stores and farmers' markets, on Mission Street, Valencia Street, and 24th Street, are an easy (and very flat) stroll away.",https://a0.muscache.com/pictures/miso/Hosting-70139/original/fe160e6b-e758-4e7d-bde7-9961de58f7ae.jpeg,https://www.airbnb.com/users/show/354456,Rachel,20/01/2011,"San Francisco, CA","Hi!  I'm Rachel.  

When I travel, I prefer to ""live like a local"" and stay in a bona fide neighborhood, in a well-cared for home with history and personality, rather than in a faceless corporate hotel.  As an Airbnb host, I bring that enthusiasm toward creating a wonderful space for my guests ... on the outside: in a fab neighborhood, convenient to public transit, bike lanes, walkable to a charming town center ... and on the inside: aesthetically pleasing, clean, modern, comfortable and practical in every way.   

Hope you enjoy your stay! ",within an hour,100%,93%,t,https://a0.muscache.com/im/users/354456/profile_pic/1297181709/original.jpg?aki_policy=profile_small,https://a0.muscache.com/im/users/354456/profile_pic/1297181709/original.jpg?aki_policy=profile_x_medium,Noe Valley,"['email', 'phone']",t,t,"San Francisco, California, United States",Bernal Heights,Entire rental unit,Entire home/apt,1.0,"[""Oven"", ""Self check-in"", ""Cooking basics"", ""Luggage dropoff allowed"", ""Blender"", ""Shampoo"", ""Dining table"", ""Free washer \u2013 In building"", ""Smoke alarm"", ""Baking sheet"", ""Kitchen"", ""Garden view"", ""Carbon monoxide alarm"", ""Dishes and silverware"", ""Courtyard view"", ""Hangers"", ""Dedicated workspace"", ""Microwave"", ""Hot water"", ""Refrigerator"", ""Shared patio or balcony"", ""Wifi"", ""Keypad"", ""Central heating"", ""Shared backyard \u2013 Fully fenced"", ""Long term stays allowed"", ""Freezer"", ""Dishwasher"", ""Iron"", ""Fire pit"", ""Outdoor dining area"", ""First aid kit"", ""Stove"", ""Toaster"", ""Essentials"", ""Rice maker"", ""Coffee maker"", ""Hammock"", ""Free street parking"", ""Wine glasses"", ""Pack \u2019n play/Travel crib"", ""Outdoor furniture"", ""Breakfast"", ""TV with Amazon Prime Video, Apple TV, Chromecast, Disney+, Fire TV, HBO Max, Hulu, Netflix, Roku"", ""Free dryer \u2013 In building"", ""Hair dryer"", ""Private entrance"", ""Fire extinguisher""]",$110.00,t,06/03/2023,25/03/2012,02/10/2022,sin registro,f,70139,20200000000000.0,354456.0,5.0,6.0,37.74544,-122.42271,3.0,1.0,2.0,30.0,365.0,30.0,30.0,365.0,365.0,30.0,365.0,0.0,0.0,0.0,188.0,16.0,4.0,0.0,4.87,4.93,5.0,4.93,5.0,5.0,4.93,1.0,1.0,0.0,0.0,0.12
249,https://www.airbnb.com/rooms/1195374,06/03/2023,previous scrape,Stylish Condo in Desirable Mission Dolores,"Well appointed 1BR, 1BA condo with updated kitchen and gas fireplace on a tranquil, tree-lined street. Lots of natural light. In-unit washer and dryer. Includes WiFi, 55 inch Samsung TV with cable.<br /><br />Rooftop with gas grill, tons of seating, panoramic views of San Francisco and common area patio with gas grill on same floor (HOA rules must be respected). <br /><br />Minutes to the Castro, Duboce Triangle, Hayes Valley and the Inner Mission neighborhoods as well as Dolores Park.  *Minimum stay: 30 nights*<br /><br /><b>Other things to note</b><br />I can make available items for workstation at kitchen island, including monitor w/ usb-c cables, keyboard and mouse, ergonomic chair (this is where I've been wfh)","Situated between Mission Dolores, Castro, and Duboce neighborhoods, this condo is conveniently located near groceries stores (Safeway, Whole Foods), restaurants, and multiple parks (Dolores, Duboce).",https://a0.muscache.com/pictures/9adbe49f-cfb1-4be6-9dd8-32e8ab831f75.jpg,https://www.airbnb.com/users/show/5024596,Megan,09/02/2013,"San Francisco, CA",Travel junkie living in San Francisco. ,sin registro,sin registro,sin registro,f,https://a0.muscache.com/im/users/5024596/profile_pic/1396829612/original.jpg?aki_policy=profile_small,https://a0.muscache.com/im/users/5024596/profile_pic/1396829612/original.jpg?aki_policy=profile_x_medium,sin registro,"['email', 'phone']",t,t,"San Francisco, California, United States",Castro/Upper Market,Entire condo,Entire home/apt,1.0,"[""Oven"", ""Self check-in"", ""Cooking basics"", ""Shampoo"", ""Coffee maker: pour-over coffee"", ""Pets allowed"", ""Smoke alarm"", ""Baking sheet"", ""Room-darkening shades"", ""Patio or balcony"", ""Drying rack for clothing"", ""Kitchen"", ""Bed linens"", ""Dishes and silverware"", ""Hangers"", ""TV with standard cable"", ""Washer"", ""Microwave"", ""Refrigerator"", ""Wifi"", ""Heating"", ""Long term stays allowed"", ""BBQ grill"", ""Freezer"", ""Shower gel"", ""Dishwasher"", ""Iron"", ""Stove"", ""Indoor fireplace"", ""Ceiling fan"", ""Portable fans"", ""Essentials"", ""Wine glasses"", ""Cleaning products"", ""Conditioner"", ""Hair dryer"", ""Fire extinguisher"", ""Dryer"", ""Lockbox""]",$140.00,t,06/03/2023,03/01/2021,01/09/2021,sin registro,t,1195374,20200000000000.0,5024596.0,1.0,2.0,37.7689,-122.42765,2.0,1.0,1.0,45.0,144.9,45.0,45.0,1125.0,1125.0,45.0,1125.0,0.0,0.0,0.0,0.0,3.0,0.0,0.0,5.0,5.0,5.0,5.0,5.0,4.67,5.0,1.0,1.0,0.0,0.0,0.11
264,https://www.airbnb.com/rooms/1265074,06/03/2023,city scrape,Spacious SF Home with Garden and Sunset Views,"Beautiful home in Golden Gate Heights with stunning views and spacious garden, perfect for isolating yourself from the bustling city life. This home features: - Living Room with decorative fireplace - Formal Dining Room - Kitchen with refrigerator, gas stove, dishwasher and disposal - Kitchen and Breakfast Room - 3 Bedrooms - 2 Full Bathrooms - newly refinished Hardwood floors - Washer & Dryer in garage laundry area - 1 Parking Space in the garage and 1 space on driveway - Storage in the garage<br /><br /><b>The space</b><br />This beautiful home possesses the charm and architectural details of the period and a great floor plan. Newly painted inside and out, and newly refinished Hardwood floors. The living room has a stunning west view of the Sunset District, with a glimpse of the ocean, perfect for watching sunsets with a book and coffee in hand. The large windows and high ceilings  light up the house and make it feel very spacious. The house is remarkably quiet. Located near Golden G","Located in desirable Golden Gate Heights, a quiet neighborhood just minutes away from Ocean Beach,  shopping, restaurants and Golden Gate Park. Close to UCSF Medical Center, SFSU, SF City College and just a little farther to USF. Nearby Elementary school is Clarendon. Various public libraries within a 1 mile radius.",https://a0.muscache.com/pictures/91e0fe01-e57a-4363-babb-ddaf3cd3731f.jpg,https://www.airbnb.com/users/show/6887723,Mariel,13/06/2013,sin registro,sin registro,within an hour,100%,100%,f,https://a0.muscache.com/im/users/6887723/profile_pic/1376372035/original.jpg?aki_policy=profile_small,https://a0.muscache.com/im/users/6887723/profile_pic/1376372035/original.jpg?aki_policy=profile_x_medium,Inner Sunset,"['email', 'phone']",t,t,"San Francisco, California, United States",Inner Sunset,Entire home,Entire home/apt,2.0,"[""Self check-in"", ""Window guards"", ""Cooking basics"", ""32\"" HDTV with Chromecast"", ""Dining table"", ""Free dryer \u2013 In unit"", ""Smoke alarm"", ""Frigidaire stainless steel gas stove"", ""Room-darkening shades"", ""Coffee maker: drip coffee maker, french press, pour-over coffee"", ""Coffee"", ""Free washer \u2013 In unit"", ""Garden view"", ""Bed linens"", ""Carbon monoxide alarm"", ""Kitchen"", ""Dishes and silverware"", ""Extra pillows and blankets"", ""Hangers"", ""Children\u2019s books and toys for ages 5-10 years old and 10+ years old"", ""Bathtub"", ""Clothing storage: closet"", ""Dove neutral body soap"", ""Dedicated workspace"", ""Laundromat nearby"", ""Hot water"", ""Refrigerator"", ""Private patio or balcony"", ""Ocean view"", ""Wifi"", ""Ethernet connection"", ""Central heating"", ""Frigidaire  oven"", ""Long term stays allowed"", ""Freezer"", ""Dishwasher"", ""Iron"", ""Private backyard \u2013 Fully fenced"", ""Hot water kettle"", ""First aid kit"", ""Trash compactor"", ""Books and reading material"", ""City skyline view"", ""Toaster"", ""Public or shared beach access"", ""Essentials"", ""Free street parking"", ""Wine glasses"", ""Free parking garage on premises \u2013 1 space"", ""Hair dryer"", ""Private entrance"", ""Fire extinguisher"", ""Lockbox""]",$215.00,t,06/03/2023,05/07/2021,04/12/2022,sin registro,f,1265074,20200000000000.0,6887723.0,1.0,4.0,37.75135,-122.47282,6.0,3.0,3.0,30.0,144.9,30.0,30.0,1125.0,1125.0,30.0,1125.0,0.0,5.0,35.0,309.0,5.0,3.0,0.0,4.8,4.8,5.0,5.0,5.0,5.0,5.0,1.0,1.0,0.0,0.0,0.25
278,https://www.airbnb.com/rooms/998701,06/03/2023,city scrape,Private Room in Ocean Beach Cottage,"We have a spare bedroom in our house (double bed) with it's own half bath (shower only). The room is cozy and private with access to the living room, kitchen, front porch and back garden. .<br /><br /><b>The space</b><br />This listing is available for 3-7 days/nights at a time. <br /><br />Please know that we require Proof of Covid 19 vaccination plus booster shot of all our guests. We are both fully vaccinated/boosted vaccinated. <br /><br />Our casual, cozy houseâ€”just two blocks away from the Pacific Oceanâ€”has a spare room with a private bath/shower. There is access to the kitchen and a sunny front porch/garden for your morning coffee (free wifi service also.) From the front porch you can watch the neighborhood go by â€” surfers and families walking by on their way to the beach. You'll have easy access to walks on the trails in Golden Gate Park or on Ocean Beach, plus all that the city has to offer also nearby. Ample street parking is available.   <br /><br />You'll be one block away ","We love the fact that the ocean and the dunes are 1.5 blocks away. And that there are people out walking, going for coffee, heading to the dunes to see the sunset, sitting on their porches. It's a very friendly neighborhood.",https://a0.muscache.com/pictures/3feea271-4a9d-49ab-92e6-7f8b23023ca3.jpg,https://www.airbnb.com/users/show/5488987,Martha,16/03/2013,"San Francisco, CA","I currently work from home out at the beach. Tony commutes to Oakland. We've both got grown daughters. I'm busy much of the time with various activities and really appreciate our peaceful house/refuge. We love meeting new people, sharing meals with friends, and doing all the things that are available to us here in San Francisco. I'm a graphic artist by day, love to read, learn about all kinds of things, and travel (or hear about other peoples' travels!).We're anxious to hear more about our guests' lives and to make them feel comfortable here in San Francisco. Our AirBnb experiences have been great and have introduced us to so many wonderful new friends. ",within an hour,100%,100%,f,https://a0.muscache.com/im/users/5488987/profile_pic/1374695615/original.jpg?aki_policy=profile_small,https://a0.muscache.com/im/users/5488987/profile_pic/1374695615/original.jpg?aki_policy=profile_x_medium,Outer Sunset,"['email', 'phone']",t,t,"San Francisco, California, United States",Outer Sunset,Private room in rental unit,Private room,1.0,"[""Oven"", ""Shared BBQ grill: charcoal"", ""Cooking basics"", ""Shampoo"", ""TV"", ""Dining table"", ""Smoke alarm"", ""Lock on bedroom door"", ""Kitchen"", ""Bed linens"", ""Carbon monoxide alarm"", ""Dishes and silverware"", ""Extra pillows and blankets"", ""Hangers"", ""Laundromat nearby"", ""Hot water"", ""Refrigerator"", ""Shared patio or balcony"", ""Heating"", ""Shared backyard \u2013 Fully fenced"", ""Clothing storage: closet and dresser"", ""Fire pit"", ""Hot water kettle"", ""First aid kit"", ""Stove"", ""Indoor fireplace"", ""Ceiling fan"", ""Public or shared beach access"", ""Essentials"", ""Free street parking"", ""Coffee maker"", ""Wine glasses"", ""Outdoor furniture"", ""Fast wifi \u2013 337 Mbps"", ""Hair dryer"", ""Fire extinguisher""]",$110.00,t,06/03/2023,02/04/2013,27/02/2023,STR-0003882,f,998701,20200000000000.0,5488987.0,1.0,1.0,37.75939,-122.4,2.0,1.0,1.0,3.0,9.0,3.0,3.0,9.0,9.0,3.0,9.0,13.0,13.0,13.0,126.0,247.0,10.0,0.3,4.97,4.97,4.96,4.99,5.0,4.87,4.96,1.0,1.0,1.0,0.0,2.04
286,https://www.airbnb.com/rooms/1036860,06/03/2023,city scrape,2bed-rm Suites at Fisherman's Wharf,"Fabulous 2-bedroom apartment with large living room and full kitchen with the same price as a motel - at the best location in the beautiful city of San Francisco!<br /><br /><b>The space</b><br />2 brdroom condo ( in Suites at Fisherman's Wharf with living room, dining area and full kitchen. Best location in SF near the Pier 39, Hyde Street Pier and Cable car starting station (Hyde-Powell). Located right next to the #1 ranked Fairmont Heritage Place (by Trip Advisor), Ghirardelli Square with only a fraction of the cost!<br /><br />Come in for a ferry trip to Alcatraz & Angel Island, attend a SF Giants game, skate at the Union Square rink, walk the golden gate bridge, bike the golden gate park, visit the fabulous museums and/or go see MTT & the San Francisco Symphony. Don't forget the SF Opera and Ballet.<br /><br />SF is the most beautiful city where there are so much to do. Public transit is convenient at this place with bus 30 to Union Square and Vintage street car F to all piers and",Near Hyde pier and cable car station,https://a0.muscache.com/pictures/29216510/8f234975_original.jpg,https://www.airbnb.com/users/show/5708168,Kowang,31/03/2013,"San Francisco, CA",An avid traveler of 61 countries with open arms toward my fellow passionate travelers.,within a day,100%,63%,f,https://a0.muscache.com/im/users/5708168/profile_pic/1364777733/original.jpg?aki_policy=profile_small,https://a0.muscache.com/im/users/5708168/profile_pic/1364777733/original.jpg?aki_policy=profile_x_medium,Fisherman's Wharf,"['email', 'phone']",t,f,"San Francisco, California, United States",Russian Hill,Entire rental unit,Entire home/apt,1.0,"[""Essentials"", ""Extra pillows and blankets"", ""Hangers"", ""Bay view"", ""Bathtub"", ""Iron"", ""Cooking basics"", ""Elevator"", ""Shampoo"", ""Body soap"", ""Conditioner"", ""TV with standard cable"", ""Dedicated workspace"", ""Hot water"", ""Hot tub"", ""Wifi"", ""Heating"", ""Kitchen""]",$270.00,t,06/03/2023,27/09/2013,14/10/2022,License not needed per OSTR,f,1036860,20200000000000.0,5708168.0,1.0,1.0,37.80463,-122.42012,4.0,2.0,2.0,2.0,7.0,2.0,2.0,7.0,7.0,2.0,7.0,0.0,0.0,0.0,64.0,18.0,2.0,0.0,4.94,4.94,4.94,4.9,4.78,5.0,4.94,1.0,1.0,0.0,0.0,0.16
309,https://www.airbnb.com/rooms/1087427,06/03/2023,city scrape,Private furnished Rm near UCSF/22nd Ave in Sunset,"Fully furnished room with a firm full size bed, full size<br /> closet, glass Desk and heater to keep you warm.  fresh air when you open the windows from your own room.  New Blue/green painted in July to get a fresh look & feel.  You Can see a partial view of the Pacific Ocean and full garden from your room!<br /><br />Shared bathroom and open kitchen with 2 clean Chinese ladies.<br /><br />Open kitchen for your access to pots and pans<br /><br /><b>The space</b><br />private room to keep you warm with a partial ocean view from your windows.  fully furnished in the room and kitchen appliances.  so just move in with your luggages and be ready to settle down in this new home of yours!<br /><br /><b>Guest access</b><br />Open kitchen, cabinets, maytag washer and dryer in garage for your free use.<br /><br /><b>License number</b><br />STR-0002884","Shops, stores, restaurants, banks and supermarkets are nearby, starbucks , Safeway and walgreens.",https://a0.muscache.com/pictures/87c9b908-796f-4674-a1af-9892b9bcfad4.jpg,https://www.airbnb.com/users/show/5977346,Melissa,17/04/2013,"San Francisco, CA","Small business owner of wholesale promotional gifts to corporate clients nationwide like hotels, banks, retail gift shops and financial services.

I'm a landlady who lives on the first floor with own private entrance, in case you need anything, it would be very convenient to get it handled asap, although we would hardly run into each other.",within an hour,100%,73%,f,https://a0.muscache.com/im/pictures/user/8df5e438-23e9-4042-a273-02c9dc84b6c6.jpg?aki_policy=profile_small,https://a0.muscache.com/im/pictures/user/8df5e438-23e9-4042-a273-02c9dc84b6c6.jpg?aki_policy=profile_x_medium,Outer Sunset,"['email', 'phone']",t,t,"San Francisco, California, United States",Outer Sunset,Private room in home,Private room,1.0,"[""Cooking basics"", ""Luggage dropoff allowed"", ""Dining table"", ""Free washer \u2013 In building"", ""Smoke alarm"", ""Lock on bedroom door"", ""Room-darkening shades"", ""Private living room"", ""Barbecue utensils"", ""Garden view"", ""Kitchen"", ""Bed linens"", ""Carbon monoxide alarm"", ""Dishes and silverware"", ""Extra pillows and blankets"", ""Hangers"", ""Clothing storage: closet"", ""Dedicated workspace"", ""Microwave"", ""GE stove"", ""Hot water"", ""Refrigerator"", ""Laundromat nearby"", ""Beach view"", ""Ocean view"", ""Heating"", ""Paid parking garage on premises \u2013 1 space"", ""Ethernet connection"", ""Long term stays allowed"", ""Freezer"", ""Shower gel"", ""Iron"", ""Outlet covers"", ""GE oven"", ""Private backyard \u2013 Fully fenced"", ""Hot water kettle"", ""First aid kit"", ""Books and reading material"", ""Gilcrist and others conditioner"", ""Toaster"", ""Public or shared beach access"", ""Portable fans"", ""Essentials"", ""Rice maker"", ""Coffee maker"", ""Free street parking"", ""Wine glasses"", ""Cleaning products"", ""Free dryer \u2013 In building"", ""Fast wifi \u2013 396 Mbps"", ""Gilcrist and others shampoo"", ""Lake access"", ""Gilcrist and others body soap"", ""Fire extinguisher""]",$65.00,t,06/03/2023,01/08/2019,10/12/2022,STR-0002884,f,1087427,20200000000000.0,5977346.0,6.0,9.0,37.75629,-122.47907,1.0,1.0,1.0,30.0,360.0,30.0,30.0,360.0,360.0,30.0,360.0,30.0,60.0,89.0,89.0,2.0,1.0,0.0,4.5,5.0,4.5,5.0,5.0,5.0,5.0,1.4,1.0,0.4,0.0,0.05
317,https://www.airbnb.com/rooms/1094764,06/03/2023,city scrape,San Francisco Presidio Paradise!,"<b>The space</b><br />Your very own light-filled, tranquil getaway right in the heart of one of San Francisco's most prestigious and serene neighborhoods. The apartment boasts beautifully finished hardwood floors, tastefully furnished living room, comfortable bedroom with large closet, remodeled kitchen with great chef's style gas range, quiet dishwasher and large modern refrigerator/freezer, large bathroom with bathtub and shower--all amenities, including high-speed internet, cable, unlimited phone calls within the U.S., washer/dryer in building. Everything you need for the perfect home away from home!  <br /> <br />All sorts of wonderful restaurants, as well as good shopping, museums, Golden Gate Park, Lands End, the beaches, etc. are within minutes. Walk out the back gate directly into the magical Presidio and Mountain Lake Park. <br /> <br />The Presidio golf course is a short walk through the park from the flat. The nearby Richmond district is a vibrant neighborhood, full of inter",sin registro,https://a0.muscache.com/pictures/16468522/12924599_original.jpg,https://www.airbnb.com/users/show/172460,Leila,19/07/2010,"Raleigh, NC","We are from the San Francisco Bay Area and still consider it home, though we now live on the east coast.  I teach nineteenth-century British literature at NC State University, my husband writes philosophy textbooks, and we spend summers in southwest France.  We eventually plan to move back to the Bay Area, which we miss terribly, though there are certainly worse places to live than Raleigh and the Research Triangle.  We love to travel, eating at good restaurants, hanging out with friends, and going to movies. ",within a few hours,100%,54%,f,https://a0.muscache.com/im/pictures/user/85a6a3ac-5160-40c1-a217-c6814194bbee.jpg?aki_policy=profile_small,https://a0.muscache.com/im/pictures/user/85a6a3ac-5160-40c1-a217-c6814194bbee.jpg?aki_policy=profile_x_medium,Richmond District,"['email', 'phone']",t,t,sin registro,Inner Richmond,Entire rental unit,Entire home/apt,0.0,[],$150.00,t,06/03/2023,31/10/2021,31/10/2021,sin registro,f,1094764,20200000000000.0,172460.0,2.0,6.0,37.78814,-122.46547,2.0,1.0,1.0,30.0,180.0,30.0,30.0,180.0,180.0,30.0,180.0,30.0,60.0,90.0,365.0,1.0,0.0,0.0,5.0,5.0,5.0,5.0,5.0,5.0,5.0,2.0,1.0,0.0,0.0,0.06
